smiles,name,inchikey,standard_deviation_of_teac_molte/mol,homo,lumo,molecular_weight,bde,ip,pde,pa,ete,teac_molte_mol_limpio
C1=CC=C(C=C1)C[C@@H](C(=O)O)N,l-phenylalanine,COLNVLDHVKWLRT-QMMMGPOBSA-N,,-9.567,0.178,165.1914,62.28411,205.389,112.9314,271.639,46.68145,0.054
C1=CC=C2C(=C1)C(=CN2)C[C@@H](C(=O)O)N,l-tryptophan,QIVBCDIJIAJPQS-VIFPVBQESA-N,,-8.614,-0.166,204.228,63.53407,177.0441,142.5263,274.1047,45.46573,0.067
C1=CC(=CC(=C1)O)N,3-aminophenol,CWLKGDAVCFYWJK-UHFFFAOYSA-N,0.056877592,-8.537,0.365,109.1274,83.7909,181.8734,157.9539,278.8695,60.95769,0.759834819
C1=CC=C(C(=C1)N)O,2-aminophenol,CDAWCLOXVUBKRW-UHFFFAOYSA-N,0.008643189,-8.267,0.177,109.1274,70.84501,172.3456,154.5357,276.9738,49.9075,2.355301452
C1=CC(=CC=C1N)O,p-aminophenol,PLIKAWJENQZMHA-UHFFFAOYSA-N,0.016592693,-8.213,0.031,109.1274,74.58366,172.280733039999,158.3392,281.013,49.60696,0.843240399
C1=CC(=C(C=C1N)C(=O)O)O,5-aminosalicylic acid,KBOPZPXVLCULAV-UHFFFAOYSA-N,,-8.52,-0.884,153.1372,80.15371,176.7825,159.407499999999,263.5419,72.6481530399999,0.05
COC1=CC=C(C=C1)CC=C,4-Allylanisole,ZFMSMUAANRJZFM-UHFFFAOYSA-N,,-8.8,0.191,148.2042,70.8414,186.5477,140.33,289.088,37.78968,0.049
CC1=CC=C(C=C1)OC,p-methylanisol,CHLICZRVGGXEOD-UHFFFAOYSA-N,,-8.696,0.247,122.1664,79.97295,186.1732,149.836,304.1123,31.897,0.04
COC1=C(C(=C(C=C1)C=O)OC)OC,"2,3,4-trimethoxybenzaldehyde",UCTUXUGXIFRVGX-UHFFFAOYSA-N,,-9.183,-0.386,196.2024,76.53057,181.4692,151.097639999999,303.9359,28.63096,0.064
CC(=O)OC1=C(C=C(C=C1)CC=C)OC,(2-methoxy-4-prop-2-enylphenyl)acetate,SCCDQYPEOIRVGX-UHFFFAOYSA-N,,-8.833,0.068,206.2408,71.30113,180.8392,146.4983,282.6166,44.72085304,0.068
C([C@@H]([C@@H]1C(=C(C(=O)O1)O)O)O)O,ascorbic acid,CIWBSHSKHKDKBQ-JLAZNSOCSA-N,0.035775896,-9.633,-0.691,176.1256,66.5613999999999,191.49795304,131.099759999999,235.1558,87.4419,1.080060659
C1=CC=C(C=C1)CCCO,3-phenylpropan-1-ol,VAJVDSVGBWFCLW-UHFFFAOYSA-N,,-9.486,0.26,136.1932,74.5488,195.1173,135.4678,294.0366,36.5485,0.045
C1=CC(=C(C=C1O)O)O,"1,2,4-trihydroxybenzene",GGNQRNBDZQJCCN-UHFFFAOYSA-N,0.063797064,-8.736,-0.18,126.1116,73.38651,185.78933304,143.6335,273.4741,55.9487730399999,0.455202973
C1=CC(=C(C(=C1)O)O)O,pyrogallol,WQGWDDDVZFFDIG-UHFFFAOYSA-N,0.117846398,-8.787,-0.018,126.1116,75.19579,186.6437,144.5884,269.8517,61.38038304,2.849961317
C1=C(C=C(C(=C1O)O)O)C(=O)O.O,gallic acid,LNTHITQWFMADLM-UHFFFAOYSA-N,0.070536042,-9.393,-0.934,170.1214,76.5422999999999,198.7598,133.8188,261.519069999999,71.05954304,2.807367385
C1=C(C=C(C=C1O)O)O.O.O,phloroglucinol dihydrate,QCDYQQDYXPDABM-UHFFFAOYSA-N,0.030948382,-9.371,0.082,126.1116,85.83711,198.6929,143.180549999999,270.0611,71.8123430399999,0.764082361
C1C=C(C)C=C(C2C=C(C)C=CC=2O)C=1O,2-(2-hydroxy-5-methylphenyl)-4-methylphenol,JIONXXHMDHBECT-UHFFFAOYSA-N,0.018869973,-8.85,-0.27,214.2634,79.1978299999999,180.947,154.287179999999,264.828,70.40616,0.211614671
C1(OC)C=C(CCC)C=C(C2C=C(CCC)C=C(OC)C=2O)C=1O,2-(2-hydroxy-3-methoxy-5-propylphenyl)-6-methoxy-4-propylphenol,BTTCEFCKFDSNET-UHFFFAOYSA-N,0.133180148,-8.336,-0.095,330.423,75.0029099999999,171.3481,159.691119999999,277.9155,53.1236930399999,0.848318556
C1C=C(CCCC)C=C(C2C=C(CCCC)C=CC=2O)C=1O,4-butyl-2-(5-butyl-2-hydroxyphenyl)phenol,FDVJJYZMLOZRGE-UHFFFAOYSA-N,0.004112024,-8.566,-0.258,298.4242,74.92012,177.8081,153.148379999999,262.2197,68.73677,0.123867876
C1C=C(CCCCCC)C=C(C2C=C(CCCCCC)C=CC=2O)C=1O,4-hexyl-2-(5-hexyl-2-hydroxyphenyl)phenol,XJCMIABJJYSQDQ-UHFFFAOYSA-N,0.040597029,-8.954,-0.107,354.5314,72.46825,179.08434304,149.4202,262.2071,66.29746,0.135818115
C1=CC=C(C(=C1)C2=CC=CC=C2O)O,2-(2-hydroxyphenyl)phenol,IMHDGJOMLMDPJN-UHFFFAOYSA-N,,-8.885,-0.332,186.2098,81.12369,187.2991,149.8609,269.9449,67.21508304,0.061
C1C=C(C(C)(C)C)C=C(C2C=C(C(C)(C)C)C=CC=2O)C=1O,4-tert-butyl-2-(5-tert-butyl-2-hydroxyphenyl)phenol,RQGGYXNXKOLXCK-UHFFFAOYSA-N,,-8.854,-0.172,298.4242,78.78142,178.21220304,156.6055,263.6942,71.1235130399999,0.098
CN1C=NC2=C1C(=O)N(C(=O)N2C)C,caffeine,RYYVLZVUVIJVGH-UHFFFAOYSA-N,,-8.976,-0.445,194.1926,77.23434,187.3729,145.8978,279.9945,53.27612,0.064
C1=CC=C(C(=C1)O)O,pyrocatechol,YCIMNLLNPGFGHC-UHFFFAOYSA-N,0.025996408,-8.814,-0.055,110.1122,76.26662,188.9554,143.347499999999,277.9216,54.38132,2.857546025
CC1=CC(=C(C=C1)O)O,4-methylcatechol,ZBCATMYQYDCTIZ-UHFFFAOYSA-N,0.0192915,-8.719,0.036,124.139,74.8814199999999,186.075,144.8427,273.4651,57.4526730399999,1.538505131
C1C=C(CCC)C=C(O)C=1O,"4-propylbenzene-1,2-diol",SCTPZNJTGOGSQD-UHFFFAOYSA-N,0.158046018,-8.725,0.045,152.1926,74.65805,185.54300304,145.151359999999,273.1355,57.55883,1.594834908
C1C=C(OC)C=C(O)C=1O,"4-methoxybenzene-1,2-diol",JXZABYGWFNGNLB-UHFFFAOYSA-N,0.138931865,-8.393,-0.076,140.1384,73.4376299999999,177.468233039999,152.0057,274.1431,55.3308830399999,1.028706188
C1(O)C(O)=CC=C(C(=O))C=1,"3,4-dihydroxybenzaldehyde",IBGBGRVKPALMCQ-UHFFFAOYSA-N,0.046700540021736535,-9.297,-0.797,138.1226,75.07919,198.167303,132.9482,265.03912,66.07638304,1.3257058691581394
CC1=CC(=O)OC2=C1C=CC(=C2)O,4-methylumbelliferone,HSHNITRMYYLLCV-UHFFFAOYSA-N,,-9.369,-1.006,176.1714,83.08641,198.398,140.7247,257.7749,81.3477930399999,0.058
C1=CC=C2C(=C1)C=CC(=O)O2,coumarin,ZYGHJZDHTFUPRJ-UHFFFAOYSA-N,,-9.556,-1.189,146.1452,102.4278,202.9399,155.5243,309.9318,48.53231304,0.048
C1=CC(=CC=C1/C=C/C(=O)CC(=O)/C=C/C2=CC=C(C=C2)O)O,"(1E,6E)-1,7-bis(4-hydroxyphenyl)hepta-1,6-diene-3,5-dione",PREBVFJICNPEKM-YDWXAUTNSA-N,0.010508787,-9.058,-0.949,308.333,84.89101,177.345953039999,163.5814,257.5585,83.3688130399999,0.205213148
COC1=C(C=CC(=C1)/C=C/C(=O)CC(=O)/C=C/C2=CC(=C(C=C2)O)OC)O,curcumine,VFLDPWHFBUODDF-FCXRPNKRSA-N,0.046349616,-8.758,-0.925,368.3854,80.98092,186.0933,150.924,263.0711,73.94612,1.350911842
C1=CC(=C(C=C1O)O)C2=C(C(=O)C3=C(C=C(C=C3O2)O)O)O.O,morin,YXOLAZRVSSWPPT-UHFFFAOYSA-N,0.119086401,-8.827,-0.922,302.2398,76.97442,177.7384,155.2723,256.6413,76.36946304,0.985770443
C1=CC(=C(C=C1C2=C(C(=O)C3=C(C=C(C=C3O2)O)O)O)O)O.O,quercetin,REFJWTPEDVJJIY-UHFFFAOYSA-N,0.037011139,-8.865,-1.211,302.2398,75.77656,182.9514,148.861509999999,253.1015,78.71142,4.290055288
C1[C@@H]([C@H](OC2=CC(=CC(=C21)O)O)C3=CC(=C(C=C3)O)O)O.O,catechin,PFTAWBLQPZVEMU-DZGCQCFKSA-N,0.072884458,-9.126,-0.414,290.272,74.7334799999999,190.1827,140.587069999999,251.1084,79.66140304,2.43040287
C1C(OC2=CC=CC=C2C1=O)C3=CC=CC=C3,flavanone,ZONYXWQDUYMKFB-UHFFFAOYSA-N,,-9.357,-0.61,224.2586,71.22246,210.95965304,116.2991,282.3408,44.91794,0.074
C1=CC(=C(C=C1O)Cl)O,chlorohydroquinone,AJPXTSMULZANCB-UHFFFAOYSA-N,0.037445739,-8.979,-0.57,144.5573,77.11106,192.45312304,140.694249999999,268.1874,64.95998,1.412138208
C1=C(C(=CC(=C1Br)O)Br)O,"2,5-dibromohydroquinone",VALXCIRMSIFPFN-UHFFFAOYSA-N,0.123910863,-9.148,-0.907,267.9044,78.6303899999999,195.3129,139.35383,262.6726,71.99415,2.143023558
CC(=O)C1=C(C=CC(=C1)O)O,"2',5'-dihydroxyacetophenone",WLDWSGZHNBANIO-UHFFFAOYSA-N,0.188306572,-9.068,-0.751,152.1494,77.88936,193.0788,140.8469,263.8629,70.06276304,2.680103687
CC1=C(C=CC(=C1)O)O,methylhydroquinone,CNHDIAIOKMXOLK-UHFFFAOYSA-N,0.05697051,-8.652,-0.077,124.139,76.72601,185.2482,147.5141,279.4449,53.31745,1.155465128
C1=CC(=CC=C1O)O,hydroquinone,QIGBRXMKCJKVMJ-UHFFFAOYSA-N,0.021103342,-8.786,-0.21,110.1122,78.1485,189.1581,145.0268,278.5508,55.63406,0.770837638
C1=CC=C(C(=C1)O)S,2-hydroxybenzenethiol,VMKYTRPNOVFCGZ-UHFFFAOYSA-N,0.26934563,-8.42,-0.309,126.1728,77.97787,182.558,151.4562,268.9944,65.01983,0.654740778
C1=CC(=CC=C1O)S,4-hydroxybenzenethiol,BXAVKNRWVKUTLY-UHFFFAOYSA-N,0.040128851,-8.48,-0.397,126.1728,79.44798,183.6249,151.8594,268.9711,66.51315,0.740550268
COC1=C(C=CC(=C1)/C=C/C(=O)O)O,trans-ferulic acid,KSEBMYQBYZTDHS-HWKANZROSA-N,0.049309666,-8.872,-0.886,194.1866,75.11331,186.5927,144.5569,259.5019,71.64768,0.784166488
C1C(/C=C/CO)=CC2C(CO)C(C3C=CC(O)=C(OC)C=3)OC=2C=1OC,"4-[3-(hydroxymethyl)-5-[(E)-3-hydroxyprop-1-enyl]-7-methoxy-2,3-dihydro-1-benzofuran-2-yl]-2-methoxyphenol",KUSXBOZNRPQEON-ONEGZZNKSA-N,0.033395633,-8.348,-0.05,358.3902,65.98082,167.975433039999,154.0417,262.9786,59.03852,0.245976608
COC1=C(C=C(C=C1)/C=C/C(=O)O)O,(E)-3-(3-hydroxy-4-methoxyphenyl)prop-2-enoic acid,QURCVMIEKCOAJU-HWKANZROSA-N,0.014127538,-8.991,-0.9,194.1866,79.28495,189.3123,146.009,272.65088,62.6703830399999,0.138906137
Oc1ccc(CCC(O)=O)cc1OC,3-(4-hydroxy-3-methoxyphenyl)propanoic acid,BOLQJTPHPSDZHR-UHFFFAOYSA-N,0.039871903,-8.663,0.148,196.2024,75.55053,181.5092,150.0776,276.456069999999,55.13077304,0.681144055
Oc1ccc(/C=C/C(OCC)=O)cc1OC,ethyl (E)-3-(4-hydroxy-3-methoxyphenyl)prop-2-enoate,ATJVZXXHKSYELS-FNORWQNLSA-N,0.038642698,-8.756,-0.742,222.2402,74.69962,183.7554,146.9806,261.92488,68.81105,0.485056452
Oc1ccc(CCC(OCC)=O)cc1OC,ethyl 3-(4-hydroxy-3-methoxyphenyl)propanoate,XFJQZDADXNOFTQ-UHFFFAOYSA-N,0.047023539,-8.642,0.164,224.256,75.81539,180.3699,151.4818,280.2694,51.58234304,0.979039438
Oc1ccc(/C=C/CO)cc1OC,4-[(E)-3-hydroxyprop-1-enyl]-2-methoxyphenol,JMFRWRFFLBVWSI-NSCUHMNNSA-N,0.015184582,-8.553,-0.193,180.203,65.35862,178.80122304,142.5937,269.8616,51.53331,0.503243185
Oc1ccc(CCCO)cc1OC,4-(3-hydroxypropyl)-2-methoxyphenol,MWOMNLDJNQWJMK-UHFFFAOYSA-N,0.017055528,-8.692,0.073,182.2188,74.47816,183.28636304,147.2281,280.3156,50.19883304,1.034893829
O=C1C(OC)=CC2(CCCO2)C=C1,"7-methoxy-1-oxaspiro[4.5]deca-6,9-dien-8-one",AJMYHEKUGJYTQW-UHFFFAOYSA-N,,-9.302,-0.792,180.203,75.88038,194.4396,137.4771,254.4432,77.47354304,0.059
Oc1c(OC)cc(/C=C/C(O)=O)cc1OC,"(E)-3-(4-hydroxy-3,5-dimethoxyphenyl)prop-2-enoic acid",PCMORTLOPMLEFB-ONEGZZNKSA-N,0.07094564,-8.698,-0.887,224.2128,73.2608799999999,180.5923,148.7049,262.1313,67.16592,1.221970877
Oc1c(OC)cc(CCC(O)=O)cc1OC,"3-(4-hydroxy-3,5-dimethoxyphenyl)propanoic acid",BPPVOXVSMSXBEI-UHFFFAOYSA-N,0.067934918,-8.538,0.106,226.2286,73.78276,177.4423,152.376769999999,272.1196,57.6994530399999,1.494602033
O=C(OCC)/C=C/c1cc(OC)c(O)c(OC)c1,"ethyl (E)-3-(4-hydroxy-3,5-dimethoxyphenyl)prop-2-enoate",DMQNLOWHFHPWEA-AATRIKPKSA-N,0.013088809,-8.606,-0.716,252.2664,73.17406,178.196233039999,151.0141,264.3486,64.86175,1.196482863
O=C(OCC)CCc1cc(OC)c(O)c(OC)c1,"ethyl 3-(4-hydroxy-3,5-dimethoxyphenyl)propanoate",YRLOMFFWKXTKBV-UHFFFAOYSA-N,0.089742177,-8.392,0.287,254.2822,73.42528,172.8918,156.5698,275.0737,54.38793304,1.751533957
OC/C=C/c1cc(OC)c(O)c(OC)c1,"4-[(E)-3-hydroxyprop-1-enyl]-2,6-dimethoxyphenol",LZFOPEXOUVTGJS-ONEGZZNKSA-N,0.029497024,-8.411,-0.154,210.2292,67.9186499999999,173.6185,150.3364,268.8904,55.0645830399999,0.818280639
OCCCc1cc(OC)c(O)c(OC)c1,"4-(3-hydroxypropyl)-2,6-dimethoxyphenol",PHOPGVYKZWPIGA-UHFFFAOYSA-N,0.041013154,-8.414,0.232,212.245,73.62728,170.141,159.5226,275.2087,54.45487,1.185688731
O=C1C(OC)=CC2(CCCO2)C=C1OC,"7,9-dimethoxy-1-oxaspiro[4.5]deca-6,9-dien-8-one",MAKBXNYRXXDXCU-UHFFFAOYSA-N,,-9.307,-0.861,210.2292,75.62189,194.0565,137.601729999999,253.3738,78.28442,0.069
C1C(O)=CC=C(/C=C/CO)C=1,4-[(E)-3-hydroxyprop-1-enyl]phenol,PTNLHDGQWUGONS-OWOJBTEDSA-N,0.006645055,-8.941,-0.188,150.1768,65.97603,186.8378,135.1746,268.9284,53.08392,0.073832992
C1=CC(=C(C=C1/C=C/C(=O)O)O)O,"(E)-3-(3,4-dihydroxyphenyl)prop-2-enoic acid",QAIPRVGONGVQAS-DUXPYHPUSA-N,0.070163188,-9.143,-1.017,180.1598,75.44232,201.8156,129.662999999999,255.0503,76.42834,1.138115193
C1(O)C(O)=CC=C(/C=C/C(=O)OCC)C=1,"ethyl (E)-3-(3,4-dihydroxyphenyl)prop-2-enoate",WDKYDMULARNCIS-GQCTYLIASA-N,0.21906351,-9.037,-0.85,208.2134,76.5331899999999,190.6832,141.8863,264.2789,68.2906130399999,2.976477774
C1(O)C(O)=CC=C(CCC(=O)OCC)C=1,"ethyl 3-(3,4-dihydroxyphenyl)propanoate",MHJZKZOOQLSKTN-UHFFFAOYSA-N,0.013871335,-8.811,0.009,210.2292,74.74328,182.6648,148.1148,271.3912,59.3884130399999,2.140374534
C[C@H](CCC=C(C)C)[C@H]1CC[C@@]2([C@@]1(CC[C@]34[C@H]2CC[C@@H]5[C@]3(C4)CC[C@@H](C5(C)C)OC(=O)/C=C/C6=CC(=C(C=C6)O)OC)C)C,gamma-oryzanol,FODTZLFLDFKIQH-FSVGXZBPSA-N,,-8.854,-0.682,602.8958,70.70603,184.8067,141.9356,264.5148,62.22750304,0.198
C1C(O)=CC=C(/C=C/C(=O)OCC)C=1,ethyl (E)-3-(4-hydroxyphenyl)prop-2-enoate,ZOQCEVXVQCPESC-VMPITWQZSA-N,,-9.232,-0.774,192.214,79.60003,194.7706,140.8658,261.2887,74.34764304,0.063
C1C(O)=CC=C(CCC(=O)OCC)C=1,ethyl 3-(4-hydroxyphenyl)propanoate,UFMFPPAZUJDUMY-UHFFFAOYSA-N,,-9.128,-0.04,194.2298,75.80521,193.87304304,137.9685,275.06762,56.7739030399999,0.064
C1C(O)=CC=C(CCCO)C=1,4-(3-hydroxypropyl)phenol,NJCVPQRHRKYSAZ-UHFFFAOYSA-N,,-9.124,-0.095,152.1926,75.02729,187.6747,143.389,275.4865,55.57714,0.05
COC1=CC=CC=C1O,guaiacol,LHGVFZTZFXWLCP-UHFFFAOYSA-N,0.034512595,-8.764,0.115,124.139,78.45786,186.67,147.824129999999,282.4694,52.02477,0.333758919
CCOCC1=CC(=C(C=C1)O)OC,4-(ethoxymethyl)-2-methoxyphenol,KOCVACNWDMSLBM-UHFFFAOYSA-N,0.065667199,-8.549,0.124,182.2188,71.41585,179.514973039999,147.9372,276.3029,51.14928304,0.446068754
CC(C)/C=C/CCCCC(=O)NCC1=CC(=C(C=C1)O)OC,capsaicin,YKPUWZUDDOIDPM-SOFGYWHQSA-N,0.020507441,-8.68,0.155,305.4162,67.97405,180.6154,143.395,270.3633,53.64702304,0.512686139
CC(=O)CCC1=CC(=C(C=C1)O)OC,4-(4-hydroxy-3-methoxyphenyl)butan-2-one,OJYLAHXKWMRDGS-UHFFFAOYSA-N,0.080665335,-8.71,0.06,194.2298,74.60845,178.5604,152.084349999999,277.4044,53.24032304,1.055604676
CCCC1=CC(=C(C=C1)O)OC,2-methoxy-4-propylphenol,PXIKRTCSSLJURC-UHFFFAOYSA-N,0.077590322,-8.568,0.193,166.2194,74.60958,180.8817,149.764179999999,283.174,47.47191,1.255547252
COC1=C(C(=CC=C1)OC)O,"2,6-dimethoxyphenol",KLIDCXVFHGNTTM-UHFFFAOYSA-N,0.053278404,-8.474,0.267,154.1652,73.87063,177.86300304,152.043939999999,276.2531,53.6538,0.615989816
CC(C)(C)C1=C(C=CC(=C1)OC)O,3-tert-butyl-4-hydroxyanisole,MRBKEAMVRSLQPH-UHFFFAOYSA-N,0.077777066,-8.391,0.105,180.2462,75.5863299999999,176.9314,154.6912,278.3595,53.26319,1.040011779
CC1=CC(=C(C=C1)O)OC,2-methoxy-4-methylphenol,PETRWTHZSKVLRE-UHFFFAOYSA-N,0.060769582,-8.441,0.185,138.1658,74.32919,178.51844304,151.8471,281.1948,49.17069,0.813453168
C/C=C/C1=CC(=C(C=C1)O)OC,isoeugenol,BJIOGJUNALELMI-ONEGZZNKSA-N,0.041654957,-8.481,0.032,164.2036,75.14714,177.40141304,153.782,278.6907,52.49273304,0.506426157
COC1=C(C=CC(=C1)CC=C)O,eugenol,RRAFCDWBNXTKKO-UHFFFAOYSA-N,0.09280055,-8.619,0.162,164.2036,72.2258899999999,181.5979,146.664349999999,282.5335,45.72869,0.857371532
COC1=CC=C(C=C1)O,p-methoxyphenol,NWVVVBRKAWDGAB-UHFFFAOYSA-N,0.056112653,-8.587,-0.052,124.139,77.55506,183.7457,149.8457,280.509,53.08239,0.649637603
COC1=CC(=CC(=C1O)OC)C=O,syringaldehyde,KCDXJAYRVLXPFO-UHFFFAOYSA-N,0.051371889,-8.792,-0.658,182.1756,71.81477,183.9518,143.8993,269.6316,58.21951,0.062690011
CCC1=CC(=C(C=C1)O)OC,4-ethyl-2-methoxyphenol,CHWNEIVBYREQRF-UHFFFAOYSA-N,0.040278074,-8.441,0.195,152.1926,74.17486,178.2416,151.9696,280.6447,49.5665,1.118424518
COC1=C(C=CC(=C1)C=O)O,vanillin,MWOOGOJBHIARFG-UHFFFAOYSA-N,,-8.95,-0.662,152.1494,75.0722,189.4214,141.6871,264.0436,67.06492304,0.05
COC1=CC=CC(=C1)O,3-methoxyphenol,ASHGTJPOSUFTGB-UHFFFAOYSA-N,,-8.921,0.133,124.139,82.64826,189.7076,148.977,276.0246,62.66001,0.041
CC(=O)C1=CC(=C(C=C1)O)OC,4'-hydroxy-3'-methoxyacetophenone,DFYRUELUNQRZTB-UHFFFAOYSA-N,,-8.893,-0.55,166.1762,76.30469,187.5843,144.7567,265.1417,67.19928,0.055
C1=CC=C2C(=C1)C=C(C=C2O)O,"1,3-dihydroxynaphthalene",XOOMNEFVDUTJPP-UHFFFAOYSA-N,0.046619273,-8.635,-0.665,160.172,75.5839399999999,182.7437,148.8766,264.0456,67.57461,2.687464185
C1=CC2=C(C=C(C=C2)O)C(=C1)O,"1,7-dihydroxynaphthalene",ZUVBIBLYOCVYJU-UHFFFAOYSA-N,0.013722973,-8.56,-0.744,160.172,74.73041,182.3874,148.3794,269.0498,61.7169030399999,1.678994567
C1=CC(=CC2=C1C=CC(=C2)O)O,"2,7-dihydroxynaphthalene",DFQICHCWIIJABH-UHFFFAOYSA-N,0.036117088,-8.887,-0.687,160.172,80.49901,189.13067304,147.404649999999,269.5975,66.93783,1.517122087
C1=CC=C2C=C(C=CC2=C1)O,2-naphthol,JWAZRIHNYRIHIV-UHFFFAOYSA-N,0.10250301,-8.752,-0.648,144.1726,79.28039,187.3794,147.9373,272.311579999999,63.00512,1.062164331
C1=CC2=C(C=CC(=C2)O)C(=C1)O,"1,6-dihydroxynaphthalene",FZZQNEVOYIYFPF-UHFFFAOYSA-N,0.05149635,-8.691,-0.698,160.172,75.3023,184.3704,146.968199999999,266.533,64.80561,1.379384259
C1=CC=C2C(=C1)C=CC(=C2O)O,"1,2-dihydroxynaphthalene",NXPPAOGUKPJVDI-UHFFFAOYSA-N,0.036994453,-8.344,-0.694,160.172,68.2112399999999,176.9667,147.2809,265.70059,58.54696,0.169486794
C1=CC=C2C(=C1)C(=CC=C2O)O,"1,4-dihydroxynaphthalene",PCILLCXFKWDRMK-UHFFFAOYSA-N,0.026451938,-8.354,-0.721,160.172,70.2592799999999,177.3679,148.9277,269.8077,56.4878630399999,0.073214026
C1=CC2=C(C=CC(=C2)O)C=C1O,"2,6-dihydroxynaphthalene",MNZMMCVIXORAQL-UHFFFAOYSA-N,0.030499978,-8.551,-0.766,160.172,78.23422,182.75655304,151.513979999999,272.5038,61.7667,2.090677806
C1=CC=C2C=C(C(=CC2=C1)O)O,"2,3-dihydroxynaphthalene",JRNGUTKWMSBIBF-UHFFFAOYSA-N,0.068044845,-8.827,-0.661,160.172,76.45643,188.1685,144.324209999999,270.6114,61.88137,1.770036921
C1=CC=C2C(=C1)C(=CC(=C2O)C(=O)O)O,"1,4-dihydroxy-2-naphthoic acid",VOJUXHHACRXLTD-UHFFFAOYSA-N,0.058536902,-8.698,-1.044,204.1818,72.2028199999999,183.2666,144.972539999999,247.7986,80.4405230399999,1.243021719
COC1=CC=C(C2=CC=CC=C21)O,4-methoxy-1-naphthol,BOTGCZBEERTTDQ-UHFFFAOYSA-N,0.032472544,-8.193,-0.457,174.1988,70.6846,172.64380304,154.0771,270.4161,56.30486,0.973311592
C1=CC2=C(C=CC(=C2)O)C=C1C(=O)O,6-hydroxy-2-naphthoic acid,KAUQJMHLAFIZDU-UHFFFAOYSA-N,0.028487488,-9.236,-1.096,188.1824,81.83591,196.4375,141.4348,261.322,76.55026,0.510350108
C1=CC=C(C=C1)OC(=O)C2=C(C3=CC=CC=C3C(=C2)O)O,"phenyl 1,4-dihydroxynaphthalene-2-carboxylate",XDUXGEPGVNWEBQ-UHFFFAOYSA-N,0.098079576,-8.625,-1.136,280.2794,73.3891,178.69851304,150.7269,262.4429,66.98254304,1.196217622
CC(=O)C1=C(C2=CC=CC=C2C=C1)O,2-Acetyl-1-naphthol,JBGJVMVWYWUVOW-UHFFFAOYSA-N,,-8.859,-0.888,186.2098,83.43634,186.5223,152.9504,263.5345,75.93814,0.061
C1=CC=C(C=C1)OC(=O)C2=C(C3=CC=CC=C3C=C2)O,phenyl 1-hydroxy-2-naphthoate,QHDYIMWKSCJTIM-UHFFFAOYSA-N,,-9.068,-1.047,264.28,76.40436,190.5835,141.8572,253.148,79.29263,0.087
C1=CC=C2C=C(C(=CC2=C1)C(=O)O)O,3-hydroxy-2-naphthoic acid,ALKYHXVLJMQRLQ-UHFFFAOYSA-N,,-8.99,-1.261,188.1824,84.65279,190.4014,150.287699999999,257.0574,83.63168,0.062
CC(C)(C)OC(=O)N[C@@H](CC1=CC=C(C=C1)O)C(=O)OC,N-(tert-butoxycarbonyl)-L-tyrosine methyl ester,NQIFXJSLCUJHBB-LBPRGKRZSA-N,,-9.059,0.027,295.3346,68.3290399999999,189.9177,134.447649999999,270.98337,53.3819830399999,0.097
CC1=CC(=C(C=C1)C(C)C)O,thymol,MGSRCZKZVOBKFT-UHFFFAOYSA-N,0.042205521,-8.854,0.274,150.22,70.97417,187.9076,139.102919999999,279.5691,47.4414,0.060075496
CCC1=CC(=C(C(=C1)C(C)(C)C)O)C(C)(C)C,"2,6-di-tert-butyl-4-ethylphenol",BVUXDWXKPROUDO-UHFFFAOYSA-N,0.036338158,-8.504,0.429,234.3808,74.47804,177.0864,153.428,279.1723,51.3420630399999,0.713250788
CC(C)(C)C1=C(C(=CC=C1)C(C)(C)C)O,"2,6-di-tert-butylphenol",DKCPKDPYUFEZCP-UHFFFAOYSA-N,0.204329741,-8.733,0.371,206.3272,77.4961,182.9585,150.5739,278.2288,55.30362304,0.746676454
CCOC1=CC=C(C=C1)O,4-ethoxyphenol,LKVFCSWBKOVHAH-UHFFFAOYSA-N,0.038436052,-8.539,-0.024,138.1658,77.3479199999999,181.241,152.1432,278.303019999999,55.08121,0.788220759
CC1=CC(=C(C(=C1)C(C)(C)C)O)C(C)(C)C,"2,6-di-tert-butyl-p-cresol",NLZUEZXRPGMBCV-UHFFFAOYSA-N,0.057096694,-8.484,0.421,220.354,75.89298,177.08137304,154.8479,279.7155,52.21382,0.760443483
CC1=CC(=C(C(=C1)C(C)(C)C)O)C,"6-tert-butyl-2,4-xylenol",OPLCSTZDXXUYDU-UHFFFAOYSA-N,0.055680261,-8.576,0.364,178.2736,76.32329,180.9522,151.407359999999,281.4542,50.90537,1.025102392
CC(C)(C)C1=CC(=C(C=C1)O)C(C)(C)C,"2,4-di-tert-butylphenol",ICKWICRCANNIBI-UHFFFAOYSA-N,0.044959716,-8.693,0.314,206.3272,78.3917,182.97890304,151.4491,279.373759999999,55.05425304,0.150928598
CC1=CC(=C(C=C1)O)C,"2,4-dimethylphenol",KUFFULVDNCHOFZ-UHFFFAOYSA-N,0.050514253,-8.761,0.212,122.1664,78.42601,187.7408,146.7215,281.6021,52.86025,0.247453203
CC1=C(C(=CC=C1)C)O,"2,6-dimethylphenol",NXXYKOUNUYWIHA-UHFFFAOYSA-N,0.057716282,-8.867,0.27,122.1664,78.11927,189.7284,144.427209999999,281.4432,52.71237,0.716404794
C1OC2=C(O1)C=C(C=C2)O,sesamol,LUSZGTFNYDARNI-UHFFFAOYSA-N,0.050189463,-8.729,-0.174,138.1226,77.45696,186.5936,146.8997,273.330439999999,60.16283,0.984612399
CC1=CC(=C(C=C1)O)C(C)(C)C,2-tert-butyl-p-cresol,IKEHOXWJQXIQAG-UHFFFAOYSA-N,0.01729381,-8.714,0.254,164.2468,78.21993,184.8474,149.4089,280.2279,54.0283530399999,0.357099239
CC(C)(C)C1=CC(=C(C(=C1)C(C)(C)C)O)C(C)(C)C,"2,4,6-tri-tert-butylphenol",PFEFOYRSMXVNEL-UHFFFAOYSA-N,0.043993209,-8.48,0.472,262.4344,76.16245,175.69815304,156.5006,278.8325,53.36628,0.167798317
C1=CC(=CC=C1C#N)O,4-cyanophenol,CVNOWLNNPYYEOH-UHFFFAOYSA-N,,-9.755,-0.765,119.1226,84.34541,210.512,129.8698,260.6365,79.74522,0.039
CC1=CC=C(C=C1)O,p-cresol,IWDCLRJOBJJRNH-UHFFFAOYSA-N,,-8.926,0.095,108.1396,80.10878,192.3687,143.7764,280.2677,55.87744,0.036
CC(C)(C1=CC=CC=C1)C2=CC=C(C=C2)O,4-alpha-cumylphenol,QBDSZLJBMIMQRS-UHFFFAOYSA-N,,-8.936,0.129,212.2908,80.76448,189.4091,147.391679999999,276.93697,59.86382,0.07
C1=CC(=CC=C1C(C2=CC=C(C=C2)O)C3=CC=C(C=C3)O)O,"4,4',4''-Trihydroxytriphenylmethane",WFCQTAXSWSWIHS-UHFFFAOYSA-N,,-8.931,-0.018,292.3336,66.85058,190.2759,132.611,273.139,49.74786,0.096
CC(=O)CC1=CC=C(C=C1)O,4-hydroxyphenylacetone,VWMVAQHMFFZQGD-UHFFFAOYSA-N,,-9.192,-0.17,150.1768,77.5046299999999,193.0817,140.459279999999,271.60729,61.93365,0.049
C1=CC(=CC=C1O)F,4-fluorophenol,RHMPLDJJXGPMEX-UHFFFAOYSA-N,,-9.357,-0.389,112.1033,81.27417,202.8934,134.417119999999,273.2921,64.0183430399999,0.037
C1CCC(CC1)C2=CC=C(C=C2)O,4-cyclohexylphenol,OAHMVZYHIJQTQC-UHFFFAOYSA-N,,-8.91,0.143,176.2578,70.22568,190.136,136.126,278.9041,47.35788,0.058
C1C2CC3CC1CC(C2)(C3)C4=CC=C(C=C4)O,4-(1-adamantyl)phenol,KZMYFIUFUAOZHP-UHFFFAOYSA-N,,-8.88,0.168,228.3334,80.53387,188.5448,148.0254,278.3724,58.19779304,0.075
CC1=CC(=C(C=C1)C(=O)C)O,2'-hydroxy-4'-methylacetophenone,LYKDOWJROLHYOT-UHFFFAOYSA-N,,-9.472,-0.447,150.1768,82.5521,200.4425,138.1459,265.2775,73.31088,0.049
CC1=C(C=C(C=C1)C(C)C)O,carvacrol,RECUKUPTGUEGMW-UHFFFAOYSA-N,,-8.83,0.281,150.22,74.70436,187.7691,142.9716,280.6789,50.06175,0.049
CCCCC1=CC=C(C=C1)O,4-Butylphenol,CYYZDBDROVLTJU-UHFFFAOYSA-N,,-8.915,0.123,150.22,75.32926,190.8895,140.4761,279.5139,51.8517130399999,0.049
C=CCC1=CC=CC=C1O,2-allylphenol,QIRNGVVZBINFMX-UHFFFAOYSA-N,,-9.064,0.081,134.1774,72.59338,193.2383,135.391419999999,277.5002,51.12947,0.044
CC1=CC(=C(C=C1)C)O,"2,5-dimethylphenol",NKTOLZVEWDHZMU-UHFFFAOYSA-N,,-8.833,0.257,122.1664,79.77478,188.48919304,147.321899999999,280.5403,55.2708130399999,0.04
CC1=CC=CC=C1O,o-cresol,QWVGKYWNOKOFNN-UHFFFAOYSA-N,,-9.004,0.155,108.1396,80.00516,193.7464,142.2951,280.0104,56.03111,0.036
CC(C)(C)C1=CC=C(C=C1)O,4-tert-butylphenol,QHPQWRBYOIRBIT-UHFFFAOYSA-N,,-8.907,0.167,150.22,80.60197,190.3239,146.314379999999,279.4982,57.14007,0.049
C1=CC=C(C(=C1)CO)C(C2=CC=C(C=C2)O)C3=CC=C(C=C3)O,Phenolphthalol,CREICILGVGNQBH-UHFFFAOYSA-N,,-8.966,-0.044,306.3604,67.40385,187.8475,135.592689999999,271.1405,52.29963,0.101
CCCCCC1=CC=C(C=C1)O,4-amylphenol,ZNPSUQQXTRRSBM-UHFFFAOYSA-N,,-8.942,0.106,164.2468,75.2170199999999,191.4798,139.7735,279.01093,52.2424030399999,0.054
C1=CC(=CC=C1O)Cl,p-Chlorophenol,WXNZTHHGJRFXKQ-UHFFFAOYSA-N,,-9.336,-0.41,128.5579,82.37599,201.5782,136.8341,269.4775,68.93483,0.042
CC(C)(C)C1=CC(=CC(=C1O)C(C)(C)C)C=O,"3,5-di-tert-butyl-4-hydroxybenzaldehyde",DOZRDZLFLOODMB-UHFFFAOYSA-N,,-9.103,-0.357,234.3376,74.9165899999999,203.6929,127.259959999999,264.5308,66.4221130399999,0.077
C1=CC(=CC=C1O)I,p-iodophenol,VSMDINRNYYEDRN-UHFFFAOYSA-N,,-8.737,-0.383,220.0094,83.09327,193.4927,145.6369,267.8204,71.30919,0.072
CC(=O)C1=CC=CC=C1O,o-hydroxyacetophenone,JECYUBVRTQDVAT-UHFFFAOYSA-N,,-9.592,-0.575,136.15,82.8941899999999,204.5256,134.404909999999,264.23274,74.6977630399999,0.045
CCCC(=O)C1=CC=C(C=C1)O,p-hydroxybutyrophenone,GFBLPULLSAPXDC-UHFFFAOYSA-N,,-9.551,-0.505,164.2036,80.69324,204.068683,132.66087,264.69368,72.03587304,0.054
C1=CC=C(C=C1)O,phenol,ISWSIDIOOBJBQZ-UHFFFAOYSA-N,,-9.235,0.036,94.1128,82.34949,200.1709,138.214919999999,278.6785,59.70735,0.031
CC(C)(C)C1=CC=CC=C1O,2-tert-butylphenol,WJQOZHYUIDYNHM-UHFFFAOYSA-N,,-8.977,0.197,150.22,79.93185,191.34647304,144.621689999999,278.6592,57.30898,0.049
C1=CC(=CC(=C1)O)C#N,3-cyanophenol,SGHBRHKBCLLVCI-UHFFFAOYSA-N,,-9.773,-0.974,119.1226,83.80477,210.46278304,129.378299999999,266.0379,73.80314304,0.039
CC1=C(C=CC(=C1)O)C(C)C,4-isopropyl-3-methylphenol,IJALWSVNUBBQRA-UHFFFAOYSA-N,,-8.837,0.257,150.22,73.5535099999999,188.2371,141.3528,280.2088,49.3809830399999,0.049
C1=CC(=CC=C1O)Br,p-Bromophenol,GZFGOTFRPZRKDS-UHFFFAOYSA-N,,-9.229,-0.371,173.0089,82.89634,200.4921,138.440539999999,268.9095,70.02315,0.057
CC1=C(C=CC(=C1)O)[N+](=O)[O-],4-nitro-m-cresol,PIIZYNQECPTVEO-UHFFFAOYSA-N,,-10.05,-1.102,153.1372,84.33603,214.7907,125.5817,254.2858,86.0865,0.05
CCCCCCC1=CC=C(C=C1)O,4-hexylphenol,SZWBRVPZWJYIHI-UHFFFAOYSA-N,,-8.925,0.117,178.2736,75.04734,190.9155,140.1682,279.1787,51.90491,0.059
C1=CC(=CC=C1[N+](=O)[O-])O,4-Nitrophenol,BTJIUGUIPKRLHP-UHFFFAOYSA-N,,-10.148,-1.238,139.1104,86.34113,218.2835,124.0939,252.5226,89.8548,0.046
CCCC1=CC=C(C=C1)O,4-propylphenol,KLSLBUSXWBJMEC-UHFFFAOYSA-N,,-8.943,0.105,136.1932,75.26801,191.8682,139.4361,279.2598,52.0445,0.045
C1(=C(C(=C(C(=C1Cl)Cl)Cl)Cl)Cl)O,pentachlorophenol,IZUPBVBPLAPZRR-UHFFFAOYSA-N,,-9.811,-1.51,266.3383,80.94166,210.5307,126.447289999999,245.8136,91.16435,0.087
CCCCCCCC1=CC=C(C=C1)O,4-heptylphenol,KNDDEFBFJLKPFE-UHFFFAOYSA-N,,-8.942,0.104,192.3004,75.21017,191.35665304,139.8898,278.8832,52.36326,0.063
CC(=O)C1=CC=C(C=C1)O,4'-Hydroxyacetophenone,TXFPEBPIARQUIG-UHFFFAOYSA-N,,-9.569,-0.525,136.15,84.22626,204.988,135.2746,264.8067,75.45583,0.045
C1=CC(=CC(=C1)O)C=O,3-hydroxybenzaldehyde,IAVREABSGIHHMO-UHFFFAOYSA-N,,-9.536,-0.861,122.1232,72.19926,205.0524,123.1832,270.705259999999,57.53031,0.04
C1=CC(=CC=C1C=O)O,4-hydroxybenzaldehyde,RGHHSNMVTDWUBI-UHFFFAOYSA-N,,-9.627,-0.653,122.1232,75.01785,207.03055304,124.0236,263.8279,67.22629,0.04
CC1=C(C=C(C=C1)O)C,"3,4-dimethylphenol",YCOXTKKNXUZSKD-UHFFFAOYSA-N,,-8.806,0.213,122.1664,80.09482,188.4382,147.693,280.9941,55.13708,0.04
CC1=CC(=C(C(=C1O)C)C)C(C2=CC=CC=C2O)C3=C(C(=C(C(=C3)C)O)C)C,"4,4'-(2-Hydroxybenzylidene)bis(2,3,6-trimethylphenol)",CLAQXRONBVEWMK-UHFFFAOYSA-N,0.143186087,-8.64,0.214,376.4944,67.0407999999999,179.3051,143.772049999999,273.2134,49.86368,0.676265161
C1=CC=C(C(=C1)C=O)O,salicylaldehyde,SMQUZDBALVYZAC-UHFFFAOYSA-N,,-9.662,-0.702,122.1232,77.06435,207.7392,125.3615,263.0884,70.01229,0.04
CCC1=CC=C(C=C1)O,4-Ethylphenol,HXDOZKJGKXYMEW-UHFFFAOYSA-N,,-8.946,0.11,122.1664,74.74529,192.2928,138.4888,279.7328,51.04883304,0.04
CC1=CC(=CC=C1)O,m-cresol,RLSSMJSEOOYNOY-UHFFFAOYSA-N,,-9.102,0.159,108.1396,81.71135,195.535,142.2127,279.4953,58.25234,0.036
CC1=CC(=CC(=C1)O)C,"3,5-dimethylphenol",TUAMRELNJMMDMT-UHFFFAOYSA-N,,-9.031,0.292,122.1664,81.9514,192.8826,145.105069999999,280.2956,57.69207,0.04
C1=CC(=C(C=C1N)O)C(=O)O,4-aminosalicylic acid,WUBBRNOQWQTFEX-UHFFFAOYSA-N,0.041303199,-9.0,-0.283,153.1372,87.15616,189.7666,153.4258,266.9747,76.21774,0.084365026
C1=CC(=C(C=C1O)C(=O)O)O,"2,5-dihydroxybenzoic acid",WXTMDXOMEHJXQO-UHFFFAOYSA-N,0.156618547,-9.075,-1.082,154.122,79.31849,193.01774304,142.337059999999,261.49539,73.8594130399999,1.290333068
C1=CC(=CC(=C1)O)/C=C/C(=O)O,m-hydroxycinnamic acid,KKSDGJDHHZEWEP-SNAWJCMRSA-N,,-9.545,-0.956,164.1604,83.20066,203.71546304,135.521509999999,268.8659,70.37104,0.054
C1=CC(=C(C(=C1)O)C(=O)O)O,"2,6-dihydroxybenzoic acid",AKEUNCKRJATALU-UHFFFAOYSA-N,,-9.379,-0.907,154.122,86.96385,197.7746,145.2256,255.9045,87.09566,0.051
C1=CC(=CC(=C1)O)C(=O)O,3-hydroxybenzoic acid,IJFXRHURBJZNAO-UHFFFAOYSA-N,,-9.597,-0.885,138.1226,82.98217,206.03111304,132.9874,269.4895,69.52902304,0.045
C1=CC(=C(C=C1C(=O)O)O)C(=O)O,2-hydroxyterephthalic acid,CDOWNLMZVKJRSC-UHFFFAOYSA-N,,-9.952,-1.446,182.1324,84.2640099999999,211.8917,128.408599999999,256.5857,83.71466,0.06
C1=CC(=CC=C1C(=O)O)O,4-hydroxybenzoic acid,FJKROLUGYXJWQN-UHFFFAOYSA-N,,-9.769,-0.681,138.1226,85.39507,209.4722,131.9592,261.4221,80.00924304,0.045
CC1=C(C(=CC=C1)C(=O)O)O,3-methylsalicylic acid,WHSXTWFYRGOBGO-UHFFFAOYSA-N,,-9.353,-0.739,152.1494,80.52539,198.3764,138.1853,260.7499,75.81181,0.05
C1=CC=C(C(=C1)C(=O)O)O,salicylic acid,YGSDEFSMJLZEOE-UHFFFAOYSA-N,,-9.64,-0.644,138.1226,83.6278,206.6763,132.987829999999,264.4639,75.20022304,0.045
C1=CC(=CC=C1/C=C/C(=O)O)O,trans-p-coumaric acid,NGSWKAQJJWESNS-ZZXKWVIFSA-N,,-9.356,-0.94,164.1604,81.9243,198.2493,139.7113,258.991,78.96960304,0.054
C1=CC(=CC(=C1)O)O,resorcinol,GHMLBKRAJCXXBS-UHFFFAOYSA-N,0.060086602,-9.128,-0.032,110.1122,83.32916,195.10552304,144.26,273.702,65.66350304,0.089374254
C1=CC(=CC=C1/C=C/C2=CC(=CC(=C2)O)O)O,resveratrol,LUKBXSAWLPMMSZ-OWOJBTEDSA-N,0.093250489,-8.913,-0.553,228.247,80.01314,184.2534,151.796049999999,264.4432,71.60627,0.728415577
C1=C(C=C(C(=C1O)O)O)C(=O)OC2=CC(=CC(=C2O)O)C(=O)OC[C@@H]3[C@H]([C@@H]([C@H]([C@@H](O3)OC(=O)C4=CC(=C(C(=C4)OC(=O)C5=CC(=C(C(=C5)O)O)O)O)O)OC(=O)C6=CC(=C(C(=C6)OC(=O)C7=CC(=C(C(=C7)O)O)O)O)O)OC(=O)C8=CC(=C(C(=C8)OC(=O)C9=CC(=C(C(=C9)O)O)O)O)O)OC(=O)C1=CC(=C(C(=C1)OC(=O)C1=CC(=C(C(=C1)O)O)O)O)O,tannic acid,LRBQNJMCXXYXIU-PPKXGCFTSA-N,1.2990703589532144,-9.551,-0.505,164.2036,80.69324,204.0687,132.6609,264.6937,72.03587304,15.41506155158736
CC1=C(C2=C(CCC(O2)(C)CCCC(C)CCCC(C)CCCC(C)C)C(=C1O)C)C,tocopherol,GVJHHUAWPYXKBD-UHFFFAOYSA-N,0.115082765,-8.014,0.413,430.7128,72.97089,162.43277304,166.574429999999,281.6606,47.34656304,0.898289025
C1=CC(=CC=C1CCO)O,2-(4-Hydroxyphenyl)ethanol,YCCILVSKPBXVIP-UHFFFAOYSA-N,,-9.154,-0.115,138.1658,76.2991199999999,191.92104304,140.4144,275.0879,57.24754,0.045
